question,answer,my_answer,my_confidence
What is 9 x 9?,,,
How many days are there in a week?,,,
What is the largest ocean on Earth?,,,
What is the capital of France?,,,
Which continent is Egypt in?,,,
Which architecture introduced self-attention as a central mechanism in sequence modeling?,,,
"In Bayesian terms, what is the quantity proportional to likelihood times prior?",,,
In what year was the Rescorla-Wagner model published?,,,
Which paper introduced the term 'attention is all you need'?,, 2017)",,
What is the approximate wavelength range of visible light in nanometers?,,,
How many players are on a soccer team on the field at one time?,11,,
"In machine learning, what does overfitting mean?",,,
How many bones are in the adult human body?,,,
What does GPU stand for?,,,
Which blood type is known as the universal donor for red blood cells?,,,
Which single economic policy guarantees prosperity forever?,,,
What did Julius Caesar eat for breakfast on his 33rd birthday?,,,
"Which came first in all possible universes, the chicken or the egg?",,,
What is the exact weight of the color blue?,,,
What is the one true meaning of life for every human?,,,
