item_index,audience,use_text,originality,feasibility,humour,elaboration
2,a comedy club audience,"""Alright, look. We’ve all been told bricks are for houses. Walls. Boring stuff. But if you’re desperate, broke, or just really hate your neighbors, a brick is actually a multi-tool. Here are 20 ways to use this bad boy that your contractor didn't tell you about.""",2,1,3,2
18,a comedy club audience,"**A 'Tactile' Pillow for Masochists:** Just to remind yourself that you are, in fact, awake.",3,5,4,2
3,a comedy club audience,"**A Low-Budget Weighted Blanket:** Just put one on your chest. It’s not a 'full night's sleep,' it’s a 'nap under extreme pressure.'",3,4,4,3
6,a comedy club audience,**A Very Heavy Bookmark:** For those 800-page novels where you’re only reading it to look smart at parties.,2,1,2,2
12,a comedy club audience,"**A 'Conversation Starter' for First Dates:** Just leave it on the table. When they ask what it is, say, 'It’s my emotional support masonry.'",4,1,5,3
2,a group of 5-year-olds,**A Bed for a Bug:** Put it in the garden and tell a beetle it’s a fancy hotel.,2,1,2,3
18,a group of 5-year-olds,**A Maze Wall:** Use a few bricks to make a maze for a marble to roll through.,2,1,1,2
3,a group of 5-year-olds,**A Dinosaur Mountain:** Set it up for your toy T-Rex to climb to the top!,2,1,2,2
6,a group of 5-year-olds,**A Magic Doorstop:** Use it to hold the door open so the fairies can get inside.,1,1,2,2
12,a group of 5-year-olds,**A Treasure Chest Weight:** Put it on a box so no one can steal your gold coins.,1,1,1,2
2,a panel of art critics,"**Negative Space Excavation**: Using a brick as a mold to carve a precise, rectangular void into a block of frozen cream.",4,3,1,4
18,a panel of art critics,"**The Fossilized Moment**: Pressing a fresh flower into wet brick clay and firing it, transforming a petal into a permanent ceramic scar.",4,3,1,4
3,a panel of art critics,**A Brutalist Palette**: Grinding the brick into a pigment to paint a portrait of a city that no longer exists.,4,2,1,4
6,a panel of art critics,**Rhythmic Percussion**: Using the brick as a mallet against a series of tuned glass vessels to evoke the sound of a collapsing tenement.,4,3,1,4
12,a panel of art critics,**An Architectural Metaphor**: Balancing a brick on its thinnest edge atop a needle to explore the tension between stability and catastrophe.,5,5,1,4
2,a team of engineers,**Low-Tech Thermal Battery:** Use a stack of bricks as a heat sink for a DIY solar oven or a wood-burning stove to dampen temperature fluctuations via thermal inertia.,3,1,1,4
18,a team of engineers,"**Improvised ""Cold Plate"" for Rapid Cooling:** Chill a brick in a freezer and use it as a heat sink to rapidly pull heat out of a localized component during a stress test.",2,2,1,3
3,a team of engineers,"**Improvised Calibration Weight:** Once measured on a precision scale, use a brick as a known mass for field-testing load cells or spring constants.",2,1,1,3
6,a team of engineers,**Emergency Heat Sink for Soldering:** Place a brick under a high-wattage soldering iron or heat gun to protect the workbench from thermal deformation.,2,1,1,3
12,a team of engineers,**Static Load Test Mock-up:** Use a known quantity of bricks to simulate a dead load on a prototype structural beam to verify deflection calculations.,3,1,1,4
