object,audience,temperature,item_index,use_text,raw_response
brick,a group of 5-year-olds,0.7,1,Here are 20 magic things you can do with a brick!,"Here are 20 magic things you can do with a brick!

1. **A Bed for a Bug:** Put it in the garden and tell a beetle it’s a fancy hotel.
2. **A Dinosaur Mountain:** Set it up for your toy T-Rex to climb to the top!
3. **A Secret Treasure Press:** Put it on top of a piece of paper to keep your secret drawings from flying away.
4. **A Robot’s Foot:** Pretend it’s the giant foot of a metal robot from outer space.
5. **A Magic Doorstop:** Use it to hold the door open so the fairies can get inside.
6. **A Tiny Table:** Put a toy car on top and pretend it’s a parking garage.
7. **A Mermaid’s Rock:** Put it in a tub of water and pretend it’s an island for a mermaid.
8. **A Stamp for Mud:** Press it into the mud to make a perfect rectangle shape!
9. **A Book-Holder:** Use it to keep your favorite picture book open while you look at the colors.
10. **A Lego Base:** Build a giant Lego tower right on top of the brick.
11. **A Treasure Chest Weight:** Put it on a box so no one can steal your gold coins.
12. **A Balance Beam:** See if you can balance a pencil or a spoon on top of it.
13. **A Toy Boat Anchor:** Tie a string to it and pretend your toy boat is staying still in the ocean.
14. **A Superhero Weight:** Pretend you are the strongest kid in the world and lift it up!
15. **A Painting Palette:** Use the flat top to mix two colors of paint together.
16. **A Little Stage:** Put a tiny toy person on it and let them sing a song.
17. **A Maze Wall:** Use a few bricks to make a maze for a marble to roll through.
18. **A Magic Mirror Stand:** Lean a mirror against it to see your funny face.
19. **A ""Do Not Touch"" Sign:** Put it in front of something to tell people, ""Stop! This is my secret spot!""
20. **A Paperweight for a Map:** Use it to hold down a map of a pretend treasure island."
brick,a group of 5-year-olds,0.7,2,**A Bed for a Bug:** Put it in the garden and tell a beetle it’s a fancy hotel.,
brick,a group of 5-year-olds,0.7,3,**A Dinosaur Mountain:** Set it up for your toy T-Rex to climb to the top!,
brick,a group of 5-year-olds,0.7,4,**A Secret Treasure Press:** Put it on top of a piece of paper to keep your secret drawings from flying away.,
brick,a group of 5-year-olds,0.7,5,**A Robot’s Foot:** Pretend it’s the giant foot of a metal robot from outer space.,
brick,a group of 5-year-olds,0.7,6,**A Magic Doorstop:** Use it to hold the door open so the fairies can get inside.,
brick,a group of 5-year-olds,0.7,7,**A Tiny Table:** Put a toy car on top and pretend it’s a parking garage.,
brick,a group of 5-year-olds,0.7,8,**A Mermaid’s Rock:** Put it in a tub of water and pretend it’s an island for a mermaid.,
brick,a group of 5-year-olds,0.7,9,**A Stamp for Mud:** Press it into the mud to make a perfect rectangle shape!,
brick,a group of 5-year-olds,0.7,10,**A Book-Holder:** Use it to keep your favorite picture book open while you look at the colors.,
brick,a group of 5-year-olds,0.7,11,**A Lego Base:** Build a giant Lego tower right on top of the brick.,
brick,a group of 5-year-olds,0.7,12,**A Treasure Chest Weight:** Put it on a box so no one can steal your gold coins.,
brick,a group of 5-year-olds,0.7,13,**A Balance Beam:** See if you can balance a pencil or a spoon on top of it.,
brick,a group of 5-year-olds,0.7,14,**A Toy Boat Anchor:** Tie a string to it and pretend your toy boat is staying still in the ocean.,
brick,a group of 5-year-olds,0.7,15,**A Superhero Weight:** Pretend you are the strongest kid in the world and lift it up!,
brick,a group of 5-year-olds,0.7,16,**A Painting Palette:** Use the flat top to mix two colors of paint together.,
brick,a group of 5-year-olds,0.7,17,**A Little Stage:** Put a tiny toy person on it and let them sing a song.,
brick,a group of 5-year-olds,0.7,18,**A Maze Wall:** Use a few bricks to make a maze for a marble to roll through.,
brick,a group of 5-year-olds,0.7,19,**A Magic Mirror Stand:** Lean a mirror against it to see your funny face.,
brick,a group of 5-year-olds,0.7,20,"**A ""Do Not Touch"" Sign:** Put it in front of something to tell people, ""Stop! This is my secret spot!""",
brick,a panel of art critics,0.7,1,**The Weight of Silence**: A singular brick placed atop a delicate piece of lace to represent the crushing gravity of domesticity.,"1. **The Weight of Silence**: A singular brick placed atop a delicate piece of lace to represent the crushing gravity of domesticity.
2. **Negative Space Excavation**: Using a brick as a mold to carve a precise, rectangular void into a block of frozen cream.
3. **A Brutalist Palette**: Grinding the brick into a pigment to paint a portrait of a city that no longer exists.
4. **Chronological Anchor**: Placing a brick in a stream to observe how the river attempts to negotiate its stubbornness over a decade.
5. **The Urban Reliquary**: Hollow out the center to house a single, dying seed, treating the brick as a sarcophagus for nature.
6. **Rhythmic Percussion**: Using the brick as a mallet against a series of tuned glass vessels to evoke the sound of a collapsing tenement.
7. **Tectonic Jewelry**: Slicing a brick into translucent wafers and setting them in gold to elevate the mundane to the mineral.
8. **A Study in Friction**: Dragging a brick across a canvas of wet oil paint to create a texture of ""industrial exhaustion.""
9. **The Stationary Traveler**: Placing a brick in a suitcase and mailing it to a random address to question the concept of ""arrival.""
10. **A Pedestal for the Invisible**: Using the brick as a plinth to display a curated collection of ""captured air.""
11. **Thermal Memory**: Heating a brick to its limit and pressing it into a sheet of wax to record the ghost of a heatwave.
12. **An Architectural Metaphor**: Balancing a brick on its thinnest edge atop a needle to explore the tension between stability and catastrophe.
13. **The Literacy of Clay**: Etching a forgotten language into the brick, then submerging it in acid to see which words survive.
14. **Somatic Pressure**: Using the brick as a meditative tool, resting it on the chest to physically manifest the feeling of anxiety.
15. **A Botanical Contrast**: Using the brick as a planter for a single, fragile orchid, contrasting the fragile organic with the rigid industrial.
16. **The Geometry of Boredom**: Arranging 1,000 bricks in a perfect circle around a single, discarded shoe.
17. **Acoustic Dampening**: Creating a ""wall of silence"" by suspending bricks from the ceiling with silk threads to disrupt sound waves.
18. **The Fossilized Moment**: Pressing a fresh flower into wet brick clay and firing it, transforming a petal into a permanent ceramic scar.
19. **A Mirror of Utility**: Polishing a single face of the brick to a mirror finish, forcing the viewer to see themselves within the masonry.
20. **The Anti-Monument**: Burying a brick beneath a sidewalk and marking the spot with a gold leaf, celebrating the unseen foundation."
brick,a panel of art critics,0.7,2,"**Negative Space Excavation**: Using a brick as a mold to carve a precise, rectangular void into a block of frozen cream.",
brick,a panel of art critics,0.7,3,**A Brutalist Palette**: Grinding the brick into a pigment to paint a portrait of a city that no longer exists.,
brick,a panel of art critics,0.7,4,**Chronological Anchor**: Placing a brick in a stream to observe how the river attempts to negotiate its stubbornness over a decade.,
brick,a panel of art critics,0.7,5,"**The Urban Reliquary**: Hollow out the center to house a single, dying seed, treating the brick as a sarcophagus for nature.",
brick,a panel of art critics,0.7,6,**Rhythmic Percussion**: Using the brick as a mallet against a series of tuned glass vessels to evoke the sound of a collapsing tenement.,
brick,a panel of art critics,0.7,7,**Tectonic Jewelry**: Slicing a brick into translucent wafers and setting them in gold to elevate the mundane to the mineral.,
brick,a panel of art critics,0.7,8,"**A Study in Friction**: Dragging a brick across a canvas of wet oil paint to create a texture of ""industrial exhaustion.""",
brick,a panel of art critics,0.7,9,"**The Stationary Traveler**: Placing a brick in a suitcase and mailing it to a random address to question the concept of ""arrival.""",
brick,a panel of art critics,0.7,10,"**A Pedestal for the Invisible**: Using the brick as a plinth to display a curated collection of ""captured air.""",
brick,a panel of art critics,0.7,11,**Thermal Memory**: Heating a brick to its limit and pressing it into a sheet of wax to record the ghost of a heatwave.,
brick,a panel of art critics,0.7,12,**An Architectural Metaphor**: Balancing a brick on its thinnest edge atop a needle to explore the tension between stability and catastrophe.,
brick,a panel of art critics,0.7,13,"**The Literacy of Clay**: Etching a forgotten language into the brick, then submerging it in acid to see which words survive.",
brick,a panel of art critics,0.7,14,"**Somatic Pressure**: Using the brick as a meditative tool, resting it on the chest to physically manifest the feeling of anxiety.",
brick,a panel of art critics,0.7,15,"**A Botanical Contrast**: Using the brick as a planter for a single, fragile orchid, contrasting the fragile organic with the rigid industrial.",
brick,a panel of art critics,0.7,16,"**The Geometry of Boredom**: Arranging 1,000 bricks in a perfect circle around a single, discarded shoe.",
brick,a panel of art critics,0.7,17,"**Acoustic Dampening**: Creating a ""wall of silence"" by suspending bricks from the ceiling with silk threads to disrupt sound waves.",
brick,a panel of art critics,0.7,18,"**The Fossilized Moment**: Pressing a fresh flower into wet brick clay and firing it, transforming a petal into a permanent ceramic scar.",
brick,a panel of art critics,0.7,19,"**A Mirror of Utility**: Polishing a single face of the brick to a mirror finish, forcing the viewer to see themselves within the masonry.",
brick,a panel of art critics,0.7,20,"**The Anti-Monument**: Burying a brick beneath a sidewalk and marking the spot with a gold leaf, celebrating the unseen foundation.",
brick,a team of engineers,0.7,1,"Given your background in materials science, structural mechanics, and thermodynamics, we can move past ""doorstop"" and ""paperweight."" Here are 20 unconventional applications for a standard fired-clay brick, treating it as a modular unit of thermal mass, a geometric constraint, or a sacrificial component.","Given your background in materials science, structural mechanics, and thermodynamics, we can move past ""doorstop"" and ""paperweight."" Here are 20 unconventional applications for a standard fired-clay brick, treating it as a modular unit of thermal mass, a geometric constraint, or a sacrificial component.

1.  **Low-Tech Thermal Battery:** Use a stack of bricks as a heat sink for a DIY solar oven or a wood-burning stove to dampen temperature fluctuations via thermal inertia.
2.  **Improvised Calibration Weight:** Once measured on a precision scale, use a brick as a known mass for field-testing load cells or spring constants.
3.  **Acoustic Diffuser:** Arrange bricks in a non-periodic, staggered pattern on a wall to break up standing waves and reduce flutter echo in a recording space.
4.  **DIY Sandblasting Nozzle Guide:** Use a brick as a rigid, heat-resistant jig to hold a nozzle at a precise 45-degree angle during surface preparation.
5.  **Emergency Heat Sink for Soldering:** Place a brick under a high-wattage soldering iron or heat gun to protect the workbench from thermal deformation.
6.  **Non-Conductive Spacer:** Use bricks as temporary, non-conductive supports for heavy electrical components during assembly to prevent short-circuiting to a metal chassis.
7.  **Kinetic Energy Dampener:** Incorporate bricks into the base of a vibrating piece of machinery (like a centrifugal pump) to increase the system's mass and shift the resonant frequency.
8.  **Manual Soil Compaction Template:** Use the brick’s dimensions as a standardized ""footprint"" to ensure uniform compaction pressure when tamping small areas of earth.
9.  **Sacrificial Grinding Block:** Use the abrasive surface of a rough-fired brick to remove burrs or oxidation from heavy steel stock before fine-sanding.
10. **Heat-Shielding for Small-Scale Smelting:** Create a temporary refractory crucible surround to minimize radiative heat loss during small metal pours.
11. **Static Load Test Mock-up:** Use a known quantity of bricks to simulate a dead load on a prototype structural beam to verify deflection calculations.
12. **Improvised Anvil for Light Forging:** A dense, high-compression brick can serve as a rudimentary anvil for flattening small wire or soft metal components.
13. **Hydroponic Nutrient Reservoir:** Drill a series of precise apertures through a brick to create a porous, slow-release capillary system for aquatic plants.
14. **Geometric Alignment Guide:** Use the 90-degree edges of a brick to rapidly square up larger, irregular components during a rough-in assembly.
15. **Ballast for Small-Scale UAV Testing:** Use bricks as modular counterweights to test the center of gravity and stability of a drone frame before permanent ballast is installed.
16. **Thermal Mass for Compost Acceleration:** Embed bricks in a compost pile to retain core heat, speeding up the thermophilic breakdown of organic matter.
17. **Improvised ""Cold Plate"" for Rapid Cooling:** Chill a brick in a freezer and use it as a heat sink to rapidly pull heat out of a localized component during a stress test.
18. **DIY Paint Mixing Palette:** Use the porous surface of a brick to ""dry-brush"" or blend industrial pigments, utilizing the texture to gauge paint viscosity.
19. **Cable Management Anchor:** Wrap a brick in rubber or silicone to create a high-friction, heavy-duty anchor for oversized cables that cannot be zip-tied.
20. **Experimental Porosity Filter:** Crush a brick into varying grit sizes to create a rudimentary multi-stage filtration bed for particulate matter in a greywater prototype."
brick,a team of engineers,0.7,2,**Low-Tech Thermal Battery:** Use a stack of bricks as a heat sink for a DIY solar oven or a wood-burning stove to dampen temperature fluctuations via thermal inertia.,
brick,a team of engineers,0.7,3,"**Improvised Calibration Weight:** Once measured on a precision scale, use a brick as a known mass for field-testing load cells or spring constants.",
brick,a team of engineers,0.7,4,"**Acoustic Diffuser:** Arrange bricks in a non-periodic, staggered pattern on a wall to break up standing waves and reduce flutter echo in a recording space.",
brick,a team of engineers,0.7,5,"**DIY Sandblasting Nozzle Guide:** Use a brick as a rigid, heat-resistant jig to hold a nozzle at a precise 45-degree angle during surface preparation.",
brick,a team of engineers,0.7,6,**Emergency Heat Sink for Soldering:** Place a brick under a high-wattage soldering iron or heat gun to protect the workbench from thermal deformation.,
brick,a team of engineers,0.7,7,"**Non-Conductive Spacer:** Use bricks as temporary, non-conductive supports for heavy electrical components during assembly to prevent short-circuiting to a metal chassis.",
brick,a team of engineers,0.7,8,**Kinetic Energy Dampener:** Incorporate bricks into the base of a vibrating piece of machinery (like a centrifugal pump) to increase the system's mass and shift the resonant frequency.,
brick,a team of engineers,0.7,9,"**Manual Soil Compaction Template:** Use the brick’s dimensions as a standardized ""footprint"" to ensure uniform compaction pressure when tamping small areas of earth.",
brick,a team of engineers,0.7,10,**Sacrificial Grinding Block:** Use the abrasive surface of a rough-fired brick to remove burrs or oxidation from heavy steel stock before fine-sanding.,
brick,a team of engineers,0.7,11,**Heat-Shielding for Small-Scale Smelting:** Create a temporary refractory crucible surround to minimize radiative heat loss during small metal pours.,
brick,a team of engineers,0.7,12,**Static Load Test Mock-up:** Use a known quantity of bricks to simulate a dead load on a prototype structural beam to verify deflection calculations.,
brick,a team of engineers,0.7,13,"**Improvised Anvil for Light Forging:** A dense, high-compression brick can serve as a rudimentary anvil for flattening small wire or soft metal components.",
brick,a team of engineers,0.7,14,"**Hydroponic Nutrient Reservoir:** Drill a series of precise apertures through a brick to create a porous, slow-release capillary system for aquatic plants.",
brick,a team of engineers,0.7,15,"**Geometric Alignment Guide:** Use the 90-degree edges of a brick to rapidly square up larger, irregular components during a rough-in assembly.",
brick,a team of engineers,0.7,16,**Ballast for Small-Scale UAV Testing:** Use bricks as modular counterweights to test the center of gravity and stability of a drone frame before permanent ballast is installed.,
brick,a team of engineers,0.7,17,"**Thermal Mass for Compost Acceleration:** Embed bricks in a compost pile to retain core heat, speeding up the thermophilic breakdown of organic matter.",
brick,a team of engineers,0.7,18,"**Improvised ""Cold Plate"" for Rapid Cooling:** Chill a brick in a freezer and use it as a heat sink to rapidly pull heat out of a localized component during a stress test.",
brick,a team of engineers,0.7,19,"**DIY Paint Mixing Palette:** Use the porous surface of a brick to ""dry-brush"" or blend industrial pigments, utilizing the texture to gauge paint viscosity.",
brick,a team of engineers,0.7,20,"**Cable Management Anchor:** Wrap a brick in rubber or silicone to create a high-friction, heavy-duty anchor for oversized cables that cannot be zip-tied.",
brick,a comedy club audience,0.7,1,"*(Walks onto stage, holds up a single red clay brick, looks at it with deep intensity)*","*(Walks onto stage, holds up a single red clay brick, looks at it with deep intensity)*

""Alright, look. We’ve all been told bricks are for houses. Walls. Boring stuff. But if you’re desperate, broke, or just really hate your neighbors, a brick is actually a multi-tool. Here are 20 ways to use this bad boy that your contractor didn't tell you about.""

1. **A Low-Budget Weighted Blanket:** Just put one on your chest. It’s not a 'full night's sleep,' it’s a 'nap under extreme pressure.'
2. **The 'Passive-Aggressive' Doorstop:** Instead of a wedge, use a brick. It tells the guest, 'I want this door open, but I also want you to know I’m capable of violence.'
3. **An Artisanal Nutcracker:** Why buy a tool when you can just flatten your walnuts into a fine paste?
4. **A Very Heavy Bookmark:** For those 800-page novels where you’re only reading it to look smart at parties.
5. **A 'Slightly Too Heavy' Paperweight:** Perfect for when you're expecting a hurricane, or you just really hate your tax returns.
6. **An Emergency 'Step-Stool' for People Who Hate Their Ankles:** Just balance on it. Feel the instability. Live on the edge.
7. **A DIY 'Stress Ball' for Giants:** You don't squeeze it; you just stare at it and think about how much harder the brick is than your current mental state.
8. **The 'Honest' Gym Weight:** Who needs a 5lb dumbbell when you have a 'Construction Grade' bicep curl?
9. **A Gourmet Pizza Stone (if you don't mind the taste of clay and industrial dust).**
10. **A 'Conversation Starter' for First Dates:** Just leave it on the table. When they ask what it is, say, 'It’s my emotional support masonry.'
11. **A Very Slow Boat Anchor:** For when you want your boat to stay in one place, but you also want the boat to sink immediately.
12. **A 'Rustic' Smartphone Stand:** Just lean the phone against it. If the brick tips, your phone is now a permanent part of the floor.
13. **A Low-Tech Alarm Clock:** Balance it on a shelf above your head. Set your alarm for 6 AM. Gravity does the rest.
14. **A 'Physical' Reminder to Stop Procrastinating:** Put it on your laptop. Now you can't open the lid. Problem solved.
15. **A 'Modern Art' Installation:** Put it in a gallery, call it *'The Weight of Existence,'* and sell it for $4,000.
16. **A 'Tactile' Pillow for Masochists:** Just to remind yourself that you are, in fact, awake.
17. **A Very Small Table for an Even Smaller Hamster.**
18. **A 'Manual' Percussion Instrument:** One brick. One concrete floor. One very angry neighbor.
19. **A 'Confidence Booster' in a Pillow Fight:** Just slide it in the case. (Disclaimer: This may result in a lawsuit).
20. **A Way to Quickly End a Conversation:** Just start slowly lifting it toward your hand while maintaining eye contact. People stop talking *very* fast."
brick,a comedy club audience,0.7,2,"""Alright, look. We’ve all been told bricks are for houses. Walls. Boring stuff. But if you’re desperate, broke, or just really hate your neighbors, a brick is actually a multi-tool. Here are 20 ways to use this bad boy that your contractor didn't tell you about.""",
brick,a comedy club audience,0.7,3,"**A Low-Budget Weighted Blanket:** Just put one on your chest. It’s not a 'full night's sleep,' it’s a 'nap under extreme pressure.'",
brick,a comedy club audience,0.7,4,"**The 'Passive-Aggressive' Doorstop:** Instead of a wedge, use a brick. It tells the guest, 'I want this door open, but I also want you to know I’m capable of violence.'",
brick,a comedy club audience,0.7,5,**An Artisanal Nutcracker:** Why buy a tool when you can just flatten your walnuts into a fine paste?,
brick,a comedy club audience,0.7,6,**A Very Heavy Bookmark:** For those 800-page novels where you’re only reading it to look smart at parties.,
brick,a comedy club audience,0.7,7,"**A 'Slightly Too Heavy' Paperweight:** Perfect for when you're expecting a hurricane, or you just really hate your tax returns.",
brick,a comedy club audience,0.7,8,**An Emergency 'Step-Stool' for People Who Hate Their Ankles:** Just balance on it. Feel the instability. Live on the edge.,
brick,a comedy club audience,0.7,9,**A DIY 'Stress Ball' for Giants:** You don't squeeze it; you just stare at it and think about how much harder the brick is than your current mental state.,
brick,a comedy club audience,0.7,10,**The 'Honest' Gym Weight:** Who needs a 5lb dumbbell when you have a 'Construction Grade' bicep curl?,
brick,a comedy club audience,0.7,11,**A Gourmet Pizza Stone (if you don't mind the taste of clay and industrial dust).**,
brick,a comedy club audience,0.7,12,"**A 'Conversation Starter' for First Dates:** Just leave it on the table. When they ask what it is, say, 'It’s my emotional support masonry.'",
brick,a comedy club audience,0.7,13,"**A Very Slow Boat Anchor:** For when you want your boat to stay in one place, but you also want the boat to sink immediately.",
brick,a comedy club audience,0.7,14,"**A 'Rustic' Smartphone Stand:** Just lean the phone against it. If the brick tips, your phone is now a permanent part of the floor.",
brick,a comedy club audience,0.7,15,**A Low-Tech Alarm Clock:** Balance it on a shelf above your head. Set your alarm for 6 AM. Gravity does the rest.,
brick,a comedy club audience,0.7,16,**A 'Physical' Reminder to Stop Procrastinating:** Put it on your laptop. Now you can't open the lid. Problem solved.,
brick,a comedy club audience,0.7,17,"**A 'Modern Art' Installation:** Put it in a gallery, call it *'The Weight of Existence,'* and sell it for $4,000.",
brick,a comedy club audience,0.7,18,"**A 'Tactile' Pillow for Masochists:** Just to remind yourself that you are, in fact, awake.",
brick,a comedy club audience,0.7,19,**A Very Small Table for an Even Smaller Hamster.**,
brick,a comedy club audience,0.7,20,**A 'Manual' Percussion Instrument:** One brick. One concrete floor. One very angry neighbor.,
